LR No,Date,To Customer,From Place,To Place,Quantity,Amount,Payment Method,Accounted Date
1414,13-11-2025,WE ONE TRADERS,WALLTAX,PERRUMBAVOOR,1,400.0,1,
1415,13-11-2025,VARIETY THREAD,WALLTAX,TRIVANDRUM,5,1300.0,1,
1417,13-11-2025,NR WALL 2 WALL,WALLTAX,THRISSUR,1,300.0,1,
1418,13-11-2025,ROYAL STEEL,WALLTAX,TRIVANDRUM,1,400.0,1,
1419,13-11-2025,KARUNYAM TEX,WALLTAX,ALAPUZHA,1,450.0,1,
1425,13-11-2025,ROSH ADVERTISM,WALLTAX,PAYYANUR,1,250.0,2,
1427,13-11-2025,BROTHERS THREAD,WALLTAX,KANNUR,3,900.0,1,
1428,13-11-2025,RAJESH PG,WALLTAX,MALAPURAM,2,600.0,1,
1429,13-11-2025,ARJ VISION,WALLTAX,KANNUR,3,900.0,1,
1430,13-11-2025,LUMENS LIGHTS,WALLTAX,PALAKAD,6,1700.0,1,
1431,13-11-2025,K.M ENTERPRISES,WALLTAX,KANNUR,6,2000.0,1,
1432,13-11-2025,VARIETY GIFT,WALLTAX,ERNAKULAM,1,300.0,1,
1433,13-11-2025,MD YASAR,WALLTAX,MUKKAM,1,500.0,1,
1434,13-11-2025,PRIDE FASHION,WALLTAX,THRISSUR,1,300.0,1,
1435,13-11-2025,SURESH KUMAR,WALLTAX,KANNUR,1,400.0,1,
1436,13-11-2025,FASHION CURTAINS,WALLTAX,PATTAMBI,1,250.0,1,
1420,13-11-2025,MODCON HEAL,WALLTAX,THAZHAKARA,2,600.0,1,
1421,13-11-2025,EASE BUILDER,WALLTAX,TIRUVALLA,1,400.0,1,
1437,13-11-2025,ROYAL STEEL,WALLTAX,TRIVANDRUM,3,1500.0,1,
1438,13-11-2025,SEL JEGAT,WALLTAX,SIVAKASI,3,600.0,1,
1440,13-11-2025,THE EXEXTIVE,WALLTAX,THRISSUR,3,1700.0,2,
1441,13-11-2025,M/S PRIDE,WALLTAX,THRISSUR,1,300.0,1,
1443,13-11-2025,MD BASHEER,WALLTAX,AREEKODE,1,250.0,1,
1444,13-11-2025,BLUE BELL,WALLTAX,EDAPPAL,1,250.0,1,
1446,13-11-2025,M.S THAJUDON,WALLTAX,MADIKARI,1,220.0,1,
1447,13-11-2025,BLUE LIGHTS,WALLTAX,EDAPPAL,1,400.0,1,
1448,13-11-2025,BRYTLYIB,WALLTAX,THAMARASERRY,5,1250.0,1,
1449,13-11-2025,RECATIVE AGENCY,WALLTAX,TIRUR,3,900.0,1,
1445,13-11-2025,RAJDEEP SPICES,WALLTAX,MYSORE,1,300.0,1,
263409,14-11-2025,BALAMURUGAN,TIRUPUR,CHENNAI,4,1280.0,1,
263410,14-11-2025,V K M,TIRUPUR,CHENNAI,2,640.0,1,
263667,14-11-2025,NAGARAJ,TIRUPUR,CHENNAI,1,150.0,1,
264115,14-11-2025,MAHAVEERA TRADING,TIRUPUR,CHENNAI,5,750.0,1,
264231,14-11-2025,EASAN APPARELS,TIRUPUR,CHENNAI,3,750.0,1,
264298,14-11-2025,PREFERED,TIRUPUR,CHENNAI,6,1320.0,1,
9458,14-11-2025,BALAMURUGAN,TIRUPUR,CHENNAI,5,1600.0,1,
9467,14-11-2025,MAHAVIR POLY,TIRUPUR,CHENNAI,2,300.0,1,
9470,14-11-2025,LAKSHMI GANESHA,TIRUPUR,CHENNAI,1,110.0,1,
9471,14-11-2025,BIGFI PRINT,TIRUPUR,CHENNAI,1,110.0,1,
9472,14-11-2025,JB FASHION,TIRUPUR,CHENNAI,1,50.0,1,
264553,14-11-2025,KANNIAPPAN,TIRUPUR,CHENNAI,3,420.0,1,
9464,14-11-2025,SRI STI GARMENTS,TIRUPUR,CHENNAI,1,100.0,2,
263718,14-11-2025,RATHI AND RATHI,TIRUPUR,CHENNAI,1,100.0,3,
264318,14-11-2025,RATHI AND RATHI,TIRUPUR,CHENNAI,4,640.0,3,
1103,14-11-2025,RAJADHANI,COIMBATORE,CHENNAI,5,1000.0,2,
9460,14-11-2025,MOHAMED NAZIM,COIMBATORE,CHENNAI,1,150.0,1,
263978,14-11-2025,KALIRAJ,COIMBATORE,CHENNAI,3,600.0,2,
0438,14-11-2025,SIRAJ THREADS,COIMBATORE,CHENNAI,15,1800.0,1,
263622,14-11-2025,BLACK KING,COIMBATORE,CHENNAI,5,460.0,1,
263686,14-11-2025,GRIPTOL LUBES,COIMBATORE,CHENNAI,2,2000.0,1,
360,14-11-2025,ARK BHARATHRAJ,COIMBATORE,CHENNAI,10,12500.0,3,
363,14-11-2025,SELF,COIMBATORE,CHENNAI,13,4000.0,2,
10613,14-11-2025,RAAJGURU FITNESS,COIMBATORE,CHENNAI,1,400.0,2,
1557,14-11-2025,PATEL SANITARY,COIMBATORE,CHENNAI,5,1000.0,1,
264001,14-11-2025,TARQI TRADING,COIMBATORE,CHENNAI,26,6500.0,2,
263754,14-11-2025,CNH MOULDS,COIMBATORE,CHENNAI,1,200.0,2,
263575,14-11-2025,JR,COIMBATORE,CHENNAI,7,1650.0,1,
263615,14-11-2025,SARAVANA SELVARATHNAM,COIMBATORE,CHENNAI,5,750.0,2,
263937,14-11-2025,SHREE RATHNA,COIMBATORE,CHENNAI,7,2100.0,2,
8918,14-11-2025,CNH MOULDS,COIMBATORE,CHENNAI,1,300.0,1,
10304,14-11-2025,FASHION BHIM,COIMBATORE,CHENNAI,2,700.0,1,
10306,14-11-2025,MAGILON SPORTS,COIMBATORE,CHENNAI,2,700.0,1,
1450,14-11-2025,LAMINAR LAMINA,WALLTAX,MUVATUPUZHA,40,12000.0,1,
1451,14-11-2025,EMPORE ELANZA,WALLTAX,KOTTAYAM,1,400.0,1,
1452,14-11-2025,KATTUNGAL METALS,WALLTAX,ALAPUZHA,4,2000.0,1,
1453,14-11-2025,GOODYS ENTERPRISES,WALLTAX,CALICUT,1,250.0,1,
1454,14-11-2025,KATTUNGAL METALS,WALLTAX,ALAPUZHA,3,1800.0,1,
1455,14-11-2025,SUSI GARMENTS,WALLTAX,COIMBATORE,3,450.0,1,
1456,14-11-2025,GANAPATHY,WALLTAX,TRIVANDRUM,1,350.0,1,
1457,14-11-2025,BOSCO INTERNATIONAL,WALLTAX,EDAPPAL,2,400.0,1,
1458,14-11-2025,GOLDEN THREAD,WALLTAX,TRIVANDRUM,1,400.0,1,
1459,14-11-2025,QUILL FORM,WALLTAX,TIRUPUR,2,400.0,1,
1460,14-11-2025,CASH,WALLTAX,PUNNALUR,1,250.0,1,
1461,14-11-2025,PRIME STEEL,WALLTAX,ALAPUZHA,1,500.0,1,
1462,14-11-2025,RAJA RANI,WALLTAX,TIRUR,2,700.0,1,
1463,14-11-2025,MANGALORE,WALLTAX,MANGALORE,1,500.0,1,
1464,14-11-2025,UNIQUE SALES,WALLTAX,KANHANGAD,1,250.0,1,
1465,14-11-2025,RAVI KUMAR,WALLTAX,KOYILANDY,3,700.0,1,
1466,14-11-2025,BABY VARIETIES,WALLTAX,THODUPUZHA,1,250.0,1,
1467,14-11-2025,RUN SPORTS,WALLTAX,MUVATUPUZHA,2,700.0,1,
1468,14-11-2025,MS DESIGN,WALLTAX,KOYILANDY,4,1000.0,1,
1469,14-11-2025,UNITY TRADER,WALLTAX,MANNARKAD,1,400.0,1,
1470,14-11-2025,HI FASHION,WALLTAX,EDAPPAL,2,500.0,1,
1471,14-11-2025,DENWUD EXIM,WALLTAX,PERUMBAVOOR,1,300.0,1,
1472,14-11-2025,FAIRFIX LABLES,WALLTAX,TIRUPUR,1,150.0,1,
1473,14-11-2025,SHREE RAJESHWAR,WALLTAX,CALICUT,1,400.0,1,
1474,14-11-2025,KRG & CO,WALLTAX,TIRUPUR,1,200.0,1,
1475,14-11-2025,AQUA TERRA,WALLTAX,TIRUPUR,1,200.0,1,
1476,14-11-2025,NEW ROYAL,WALLTAX,KONDOTTY,1,300.0,1,
1477,14-11-2025,A.K STORES,WALLTAX,TRIVANDRUM,2,800.0,1,
1478,14-11-2025,ACB CHEMICALS,WALLTAX,THAMARASERRY,3,750.0,2,
1479,14-11-2025,ROYAL BANNIENS,WALLTAX,ALAPUZHA,1,500.0,1,
1480,14-11-2025,PS TRADERS,WALLTAX,MANGALORE,3,900.0,1,
1481,14-11-2025,TAILORS MART,WALLTAX,ALUVA,3,750.0,1,
1482,15-11-2025,MAHALAXMI,WALLTAX,MANGALORE,8,2300.0,1,
1483,15-11-2025,MECHANICAL,WALLTAX,ALAPUZHA,1,400.0,1,
1485,15-11-2025,ROOTS,WALLTAX,THRISSUR,1,450.0,1,
1486,15-11-2025,PS TOYS,WALLTAX,TALIPARAMBA,4,2000.0,1,
1487,15-11-2025,THE TAMARA,WALLTAX,ALAPUZHA,3,750.0,1,
1488,15-11-2025,SIVA ELECTRICALS,WALLTAX,TIRUPUR,2,500.0,1,
1489,15-11-2025,DHARWISH,WALLTAX,KONDOTTY,4,1200.0,1,
1490,15-11-2025,KM ENTERPRISES,WALLTAX,KANNUR,6,1500.0,1,
1484,15-11-2025,KATTUNGAL METAL,WALLTAX,ALAPUZHA,3,1400.0,1,
1491,15-11-2025,BHAVANI SPICES,WALLTAX,MYSORE,10,3000.0,1,
1492,15-11-2025,ST ANTONY,WALLTAX,PUNALUR,1,500.0,1,
1493,15-11-2025,M/S SHREE,WALLTAX,TIRUPUR,1,200.0,1,
1494,15-11-2025,SS BEARING,WALLTAX,KANNUR,4,800.0,1,
1495,15-11-2025,YAS TRADERS,WALLTAX,TRIVANDRUM,4,1200.0,1,
1496,15-11-2025,ASHAPURA,WALLTAX,TRIVANDRUM,1,550.0,1,
1497,15-11-2025,YANTHRIK,WALLTAX,MUKKAM,1,250.0,1,
1498,15-11-2025,SHENOY,WALLTAX,KOCHIN,1,250.0,1,
1499,15-11-2025,AQUA TERRA,WALLTAX,TIRUPUR,1,120.0,1,
1500,15-11-2025,TAILORS MART,WALLTAX,ALUVA,2,800.0,1,
1501,15-11-2025,PKA TRADERS,WALLTAX,PALAKAD,2,700.0,1,
1503,15-11-2025,BLOOM LIGHT,WALLTAX,VENGARA,1,400.0,1,
1504,15-11-2025,AIRTEX ELECTRICAL,WALLTAX,TIRUPUR,2,300.0,1,
1502,17−11−2025,ROYAL STEEL,WALLTAX,TRIVANDRUM,2,900.0,1,
1505,17−11−2025,PRIME STEEL,WALLTAX,ALAPUZHA,1,450.0,1,
1506,17−11−2025,JEEVAN TRAD,WALLTAX,MANANTHAVADY,1,350.0,1,
1508,17−11−2025,JEEVAN TRAD,WALLTAX,CHERTHALA,1,350.0,1,
1509,17−11−2025,JEEVAN TRADE,WALLTAX,KARUNAGAPA,1,350.0,1,
1510,17−11−2025,JEEVAN TRADE,WALLTAX,THAMARASERY,1,350.0,1,
1511,17−11−2025,NEW RAJA,WALLTAX,PALAKAD,5,800.0,1,
1512,17−11−2025,JEEVAN TRADE,WALLTAX,KARUNAGAPALLY,3,900.0,1,
1513,17−11−2025,JEEVAN TRADE,WALLTAX,CHERTHALA,3,900.0,1,
1514,17−11−2025,N.S ENTERPRISES,WALLTAX,MYSURE,7,2100.0,1,
1515,17−11−2025,SHREE KANIYA,WALLTAX,TIRUPUR,1,200.0,1,
1516,17−11−2025,EAGLE BROOMS,WALLTAX,KANNUR,3,1650.0,1,
1517,17−11−2025,FASHION ELECTRICAL,WALLTAX,THRISSUR,2,700.0,1,
1518,17−11−2025,PRABHATH TRAD,WALLTAX,COCHIN,1,250.0,1,
266054,17−11−2025,TARQI TRADERS,COIMBATORE,CHENNAI,3,750.0,2,
266174,17−11−2025,MANI KANDAN,COIMBATORE,CHENNAI,2,450.0,1,
267066,17-11-2025,SCHOPPE,COIMBATORE,CHENNAI,6,3000.0,1,
068,17-11-2025,NUMED SYSTEMS,COIMBATORE,CHENNAI,1,220.0,1,
1976,17-11-2025,S SESHADSI,COIMBATORE,CHENNAI,1,300.0,2,
266118,17-11-2025,PROFESSIONAL CARE,COIMBATORE,CHENNAI,3,600.0,1,
266340,17-11-2025,BLACK KING,COIMBATORE,CHENNAI,35,2080.0,1,
266335,17-11-2025,BLACK KING,COIMBATORE,CHENNAI,69,4335.0,1,
069,17-11-2025,FEMING PRODUCTS,COIMBATORE,CHENNAI,1,250.0,1,
8918,17-11-2025,CNH MOULDS,COIMBATORE,CHENNAI,1,100.0,1,
1115,17-11-2025,RAYADHANI INDUSTRIAL,COIMBATORE,CHENNAI,4,800.0,2,
12691,17-11-2025,MM JUTE,COIMBATORE,CHENNAI,1,260.0,2,
267824,18-11-2025,COLOUR SPARROW,TIRUPUR,CHENNAI,1,100.0,2,
268123,18-11-2025,EMCO CLOTHE,TIRUPUR,CHENNAI,14,3500.0,1,
268340,18-11-2025,EMCO CLOTHE,TIRUPUR,CHENNAI,4,1000.0,1,
9536,18-11-2025,MAHAVIR POLY,TIRUPUR,CHENNAI,2,300.0,1,
9532,18-11-2025,SRI STI GARMENTS,TIRUPUR,CHENNAI,1,100.0,2,
267301,18-11-2025,RATHI AND RATHI,TIRUPUR,CHENNAI,2,200.0,3,
267309,18-11-2025,RATHI AND RATHI,TIRUPUR,CHENNAI,1,100.0,3,
267967,18-11-2025,RATHI AND RATHI,TIRUPUR,CHENNAI,2,300.0,3,
268318,18-11-2025,RATHI AND RATHI,TIRUPUR,CHENNAI,5,800.0,3,
268322,18-11-2025,RATHI AND RATHI,TIRUPUR,CHENNAI,2,320.0,3,
268324,18-11-2025,RATHI AND RATHI,TIRUPUR,CHENNAI,1,160.0,3,
268326,18-11-2025,RATHI AND RATHI,TIRUPUR,CHENNAI,2,320.0,3,
268332,18-11-2025,RATHI AND RATHI,TIRUPUR,CHENNAI,5,500.0,3,
9527,18-11-2025,RAGHUL SOLINGANOOR,COIMBATORE,CHENNAI,1,160.0,1,
267097,18-11-2025,HEMAMALINI MARKETING,COIMBATORE,CHENNAI,4,400.0,1,
267098,18-11-2025,SARASWATHI TRADERS,COIMBATORE,CHENNAI,1,100.0,1,
267376,18-11-2025,ULTIMATE TYRE,COIMBATORE,CHENNAI,33,2970.0,1,
267277,18-11-2025,MOHAMED AZAL,COIMBATORE,CHENNAI,1,1800.0,2,
268029,18-11-2025,HERA MEDPRO,COIMBATORE,CHENNAI,6,900.0,1,
267454,18-11-2025,JOSHUVA,COIMBATORE,CHENNAI,40,6400.0,1,
1138,01-11-2025,AL GHARALI,WALLTAX,KONDOTY,3,1800.0,1,
1139,01-11-2025,PARANI TEXTILE,WALLTAX,TRIVANDRUM,1,500.0,1,
1140,01-11-2025,SHEETAL FLOWER,WALLTAX,MANGALORE,4,1600.0,1,
1141,01-11-2025,VARIETY THREAD,WALLTAX,TRIVANDRUM,1,350.0,1,
1142,01-11-2025,SHAMSUDHIN,WALLTAX,VADAKARA,1,400.0,1,
1143,01-11-2025,BRIGHT POINT,WALLTAX,CALICUT,1,300.0,1,
1144,01-11-2025,TWO AR AS,WALLTAX,MUVATUPUZHA,1,250.0,1,
1145,01-11-2025,UNIQUE SALES,WALLTAX,KANHANGAD,2,550.0,1,
1146,01-11-2025,BRIDGR AND ROPE,WALLTAX,MANGALORE,12,3600.0,1,
1147,01-11-2025,T.J DISTRIBUTORS,WALLTAX,VARAPUZHA,2,760.0,1,
1148,01-11-2025,TEAM SANTRA,WALLTAX,MALAPURAM,2,500.0,1,
1149,01-11-2025,AQUA TERA,WALLTAX,TIRUPUR,4,480.0,1,
1150,01-11-2025,SAMSON THANKAR,WALLTAX,CALICUT,1,300.0,1,
1151,01-11-2025,DENWUD EXIN,WALLTAX,PERUMBAVOOR,1,300.0,1,
1152,01-11-2025,SREE RAM,WALLTAX,TIRUPUR,10,1200.0,1,
1153,01-11-2025,PRIDE FASHION,WALLTAX,THRISSUR,1,250.0,1,
1154,01-11-2025,BLUE BELL,WALLTAX,EDAPPAL,1,250.0,1,
1155,01-11-2025,CEG & COMPANY,WALLTAX,KUNNAMKULAM,13,1800.0,1,
1156,01-11-2025,GULF POINT,WALLTAX,TIRUR,4,1800.0,1,
1157,01-11-2025,TAILORS MART,WALLTAX,ALUVA,2,800.0,1,
1158,01-11-2025,THREADS,WALLTAX,THALASERRY,2,500.0,1,
1159,01-11-2025,AN ASSOCIATES,WALLTAX,PATTANAMTHITTA,1,220.0,1,
1160,01-11-2025,K.M ENTERPRISES,WALLTAX,KANNUR,1,300.0,1,
1161,01-11-2025,MASS COOL ENTER,WALLTAX,OTTAPALAM,1,300.0,1,
1162,01-11-2025,KLOTH SURPLUS,WALLTAX,KANJIRAPALLY,1,350.0,1,
1163,01-11-2025,TAILORS MART,WALLTAX,ALUVA,2,600.0,1,
1164,01-11-2025,GANI TRADING,WALLTAX,KOLLAM,5,1350.0,1,
1165,01-11-2025,UNITY TRADES,WALLTAX,MANNARKAD,1,250.0,1,
1166,01-11-2025,PKA TUBES,WALLTAX,PALAKAD,7,2450.0,1,
1167,01-11-2025,RAJDEEP SPICES,WALLTAX,MYSORE,3,900.0,1,
1168,01-11-2025,VARIETY THREAD,WALLTAX,TRIVANDRUM,2,600.0,1,
1169,03-11-2025,AYYAPPA ELECTRICAL,WALLTAX,PALAKAD,1,400.0,1,
1170,03-11-2025,COVAI SINGAPORE,WALLTAX,COIMBATORE,15,4500.0,1,
1171,03-11-2025,BLUE LIGHT,WALLTAX,EDAPPAL,1,250.0,1,
1172,03-11-2025,CASH BLOOM,WALLTAX,VENGARA,3,850.0,1,
1173,03-11-2025,EAGLE BRAAM,WALLTAX,KANNUR,4,2200.0,1,
1174,03-11-2025,CO NATURE,WALLTAX,MUKKAM,1,300.0,1,
1175,03-11-2025,SAMSON THANKAR,WALLTAX,CALICUT,1,300.0,1,
1176,03-11-2025,GANI TRADING,WALLTAX,KOLLAM,3,810.0,1,
1177,03-11-2025,PARNAVT TEXTILES,WALLTAX,TRIVANDRUM,2,600.0,1,
1178,03-11-2025,GULF BAZAR,WALLTAX,MALAPURAM,1,400.0,1,
1179,03-11-2025,VILANGADAN,WALLTAX,THRISSUR,1,300.0,1,
1180,03-11-2025,ZOLO GRID,WALLTAX,MALAPURAM,10,400.0,1,
1181,03-11-2025,AAYUSH FOOD,WALLTAX,COIMBATORE,1,150.0,1,
1182,03-11-2025,CHIKKU,WALLTAX,PATTAMBI,15,1500.0,1,
1183,03-11-2025,T.J DISTRIBUTORS,WALLTAX,VARAPUZHA,2,1060.0,1,
1185,03-11-2025,EAGLE BROOM,WALLTAX,KANNUR,2,1100.0,1,
1186,03-11-2025,JUPITER,WALLTAX,TIRUPUR,2,160.0,1,
1187,03-11-2025,THE KUHAPRIYA,WALLTAX,TIRUPUR,20,1600.0,1,
1188,03-11-2025,P.S TRADERS,WALLTAX,MANGALORE,2,600.0,1,
1190,03-11-2025,MUTHU QUALITY,WALLTAX,TIRUPUR,17,1360.0,1,
1191,03-11-2025,SRI ANGAMMAN,WALLTAX,TIRUPUR,10,800.0,1,
1192,03-11-2025,SRI VIJAY,WALLTAX,TIRUPUR,10,800.0,1,
1193,03-11-2025,VARIETY GIFT,WALLTAX,TIRUR,4,1800.0,1,
1194,03-11-2025,RAJA ELECTRICAL,WALLTAX,TIRUPUR,1,100.0,1,
1195,03-11-2025,SHAMBHU,WALLTAX,NEDUNGAD,19,4200.0,1,
1196,03-11-2025,KATTUNGAL METAL,WALLTAX,ALLEPEY,2,1600.0,1,
1197,04-11-2025,PARVATHI PCO,WALLTAX,TRIVANDRUM,3,1200.0,1,
1198,04-11-2025,MALABBAR AGENCIES,WALLTAX,PONKUNNAM,8,3300.0,1,
1199,04-11-2025,PKA TUBES,WALLTAX,PALAKAD,5,2250.0,1,
1200,04-11-2025,LIJO,WALLTAX,THRISSUR,1,250.0,2,
1201,04-11-2025,ACK FOOD,WALLTAX,RAMANATTUKARA,3,900.0,1,
1202,04-11-2025,BROTHERS THREAD,WALLTAX,KANNUR,1,300.0,1,
1203,04-11-2025,ANALOCS AUDIO,WALLTAX,ANGAMALLY,2,650.0,1,
1204,04-11-2025,KATTUNGAL METAL,WALLTAX,ALEPPEY,1,450.0,1,
1206,04-11-2025,MANGALORE,WALLTAX,MANGALORE,1,250.0,1,
1207,04-11-2025,FLOREAT BULDING,WALLTAX,TALIPARAMBA,2,500.0,1,
1208,04-11-2025,YAS TRADERS,WALLTAX,TRIVANDRUM,4,1080.0,1,
1209,04-11-2025,SK BROOMS,WALLTAX,KOLLAM,4,2200.0,1,
1210,04-11-2025,BRILLIANT POINT,WALLTAX,CALICUT,1,230.0,1,
1211,04-11-2025,JAYAB KHAN,WALLTAX,PATTAMBI,1,300.0,1,
1213,04-11-2025,FATHIMA,WALLTAX,MANNARKAD,1,250.0,1,
1214,04-11-2025,RAINBOW INTERIORE,WALLTAX,TIRUR,2,550.0,1,
1215,04-11-2025,NEW ROYAL,WALLTAX,KONDOTY,3,900.0,1,
1216,04-11-2025,RAVI KUMAR,WALLTAX,KOYILANDY,10,3000.0,1,
1217,04-11-2025,TOKIO POWER,WALLTAX,THALASERRY,11,3200.0,1,
1218,05-11-2025,HI TECH SECURITY,WALLTAX,TIRUR,1,300.0,1,
1219,05-11-2025,P.S TOYS,WALLTAX,TALIPARAMBA,10,4000.0,1,
1220,05-11-2025,ZAKEER HUZAIN,WALLTAX,ALAPUZHA,3,420.0,2,
1221,05-11-2025,MAKKAM TRADERS,WALLTAX,TRIVANDRUM,15,2600.0,1,
1222,05-11-2025,AL HABI TRADERS,WALLTAX,TRIVANDRUM,1,450.0,1,
1223,05-11-2025,DRILL & DRIVE,WALLTAX,EDAPPAL,24,6000.0,1,
1224,05-11-2025,ABHI LIGHT,WALLTAX,ALUVA,2,500.0,1,
1225,05-11-2025,GAYATHRI STICKER,WALLTAX,TIRUPUR,2,300.0,1,
1226,05-11-2025,ABI VISION,WALLTAX,KANNUR,2,500.0,1,
1227,05-11-2025,GF POWER,WALLTAX,WAYANAD,1,300.0,1,
1228,05-11-2025,GRAND TECH,WALLTAX,EDAPPAL,5,1000.0,1,
1229,05-11-2025,SHEETAL FLOWER,WALLTAX,MANGALORE,1,500.0,1,
1230,05-11-2025,KATTUNGAL METAL,WALLTAX,ALAPUZHA,2,900.0,1,
1231,05-11-2025,ANGER BEVERE,WALLTAX,THRISSUR,2,600.0,1,
1232,05-11-2025,USHA,WALLTAX,TRIVANDRUM,24,3360.0,1,
1233,05-11-2025,AKRUTHI INTERIOR,WALLTAX,ANGAMALLY,3,840.0,1,
1234,05-11-2025,VINDAUGA WIN,WALLTAX,CALICUT,1,250.0,1,
1235,05-11-2025,SHINY TERESA,WALLTAX,IDUKI,1,450.0,1,
1236,05-11-2025,PAAPAI EXPO,WALLTAX,TIRUPUR,1,200.0,1,
1237,05-11-2025,OPTIO SIGN,WALLTAX,ERNAKULAM,2,600.0,1,
1238,05-11-2025,SIVA ELECTRICAL,WALLTAX,TIRUPUR,1,120.0,1,
1239,05-11-2025,ABC CHEMICAL,WALLTAX,THALASERRY,14,2600.0,2,
1240,05-11-2025,LIGHTING,WALLTAX,RAMANATTUKARA,1,350.0,1,
1241,05-11-2025,VARIETY GIFT,WALLTAX,TIRUR,4,1800.0,1,
1242,05-11-2025,AQUA TERA,WALLTAX,TIRUPUR,1,200.0,1,
1243,05-11-2025,NR WALL 2 WALL,WALLTAX,THRISSUR,1,300.0,1,
1244,05-11-2025,GANI TRADING,WALLTAX,KOLLAM,6,1620.0,1,
1245,05-11-2025,GRAND SPARE,WALLTAX,PATTAMBI,2,600.0,1,
269845,20-11-2025,BALAMURUGAN,TIRUPUR,CHENNAI,7,2240.0,1,
269859,20-11-2025,BAID THREAD,TIRUPUR,CHENNAI,1,200.0,1,
269862,20-11-2025,BABU AGENCIES,TIRUPUR,CHENNAI,2,400.0,1,
270693,20-11-2025,EMCO CLOTHE,TIRUPUR,CHENNAI,11,2750.0,1,
270743,20-11-2025,MANGAL AGENCIES,TIRUPUR,CHENNAI,1,150.0,1,
271133,20-11-2025,EMCO CLOTHE,TIRUPUR,CHENNAI,13,3250.0,1,
9585,20-11-2025,BIGFI PRINT SOLUTION,TIRUPUR,CHENNAI,1,110.0,1,
9586,20-11-2025,MAHAVIR POLY,TIRUPUR,CHENNAI,4,600.0,1,
270390,20-11-2025,SRI STI GARMENTS,TIRUPUR,CHENNAI,1,200.0,2,
270816,20-11-2025,NATIONAL TEXTILES,TIRUPUR,CHENNAI,8,1120.0,1,
9581,20-11-2025,VIMAL,TIRUPUR,CHENNAI,3,2300.0,1,
9587,20-11-2025,SRI STI GARMENTS,TIRUPUR,CHENNAI,1,100.0,2,
271002,20-11-2025,RATHI AND RATHI,TIRUPUR,CHENNAI,1,150.0,3,
269565,20-11-2025,VICHANDRA,COIMBATORE,CHENNAI,1,250.0,1,
1125,20-11-2025,RAJADHANI,COIMBATORE,CHENNAI,6,1200.0,2,
268505,20-11-2025,MOTHER PRINTERS,COIMBATORE,CHENNAI,1,5000.0,1,
269965,20-11-2025,SARAVANA SELVARATHNAM,COIMBATORE,CHENNAI,3,900.0,2,
269962,20-11-2025,SARAVANA SELVARATHNAM,COIMBATORE,CHENNAI,2,600.0,2,
270386,20-11-2025,ADITYAA AGRO,COIMBATORE,CHENNAI,1,100.0,1,
387,20-11-2025,GOVIND RAJ,COIMBATORE,CHENNAI,1,1500.0,2,
823,20-11-2025,ESANDHAI,COIMBATORE,CHENNAI,2,2600.0,2,
4980,20-11-2025,JJ LALC,COIMBATORE,CHENNAI,1,0.0,1,
7057,20-11-2025,ZINGHA,COIMBATORE,CHENNAI,1,250.0,1,
1561,20-11-2025,GULF POINT,WALLTAX,TIRUR,1,300.0,1,
1562,20-11-2025,SNEHITHA,WALLTAX,TRIVANDRUM,4,1600.0,1,
1563,20-11-2025,DENWUD EXIM,WALLTAX,PERUMBAVOOR,2,500.0,1,
1564,20-11-2025,KRISHNA TRADERS,WALLTAX,COIMBATORE,9,1620.0,1,
1565,20-11-2025,NANDANAM TRADER,WALLTAX,THODUPUZHA,2,500.0,1,
1566,20-11-2025,JEEVAN TRADERS,WALLTAX,CHERTHALA,3,1050.0,1,
1567,20-11-2025,BHASHEED FASHION,WALLTAX,TIRUR,1,200.0,1,
1568,20-11-2025,VARIETY THREAD,WALLTAX,TRIVANDRUM,1,250.0,1,
1569,20-11-2025,GURU METAL,WALLTAX,VADAKANCHERRY,2,800.0,1,
1570,20-11-2025,DRILL AND DRIVE,WALLTAX,EDAPPAL,8,1600.0,1,
1571,20-11-2025,K.M ENTERPRISES,WALLTAX,KANNUR,1,200.0,1,
1572,20-11-2025,ASN STORES,WALLTAX,MARTHANDAM,7,2100.0,2,
1573,20-11-2025,KATTUNGAL METAL,WALLTAX,ALAPUZHA,2,900.0,1,
1574,20-11-2025,TRADE HOUSE,WALLTAX,PAYYANUR,3,750.0,1,
1575,20-11-2025,EAGLE BROOM,WALLTAX,KANNUR,2,1100.0,1,
1576,20-11-2025,KUNNAL,WALLTAX,TIRUPUR,2,350.0,2,
1578,20-11-2025,EAGLE BROOM,WALLTAX,KANNUR,2,1100.0,1,
1579,20-11-2025,SK BROOM,WALLTAX,KOLLAM,2,1100.0,1,
1580,20-11-2025,SHREE CLASS,WALLTAX,TIRUPUR,2,400.0,1,
1581,20-11-2025,SIVA ELECTICALS,WALLTAX,TIRUPUR,1,150.0,1,
1582,20-11-2025,SIVA ELECTICALS,WALLTAX,TIRUPUR,1,400.0,1,
1583,20-11-2025,LIJO,WALLTAX,THRISSUR,1,250.0,2,
1584,20-11-2025,THE COTTON,WALLTAX,TIRUR,2,700.0,1,
1585,20-11-2025,KATTUNGAL METAL,WALLTAX,ALAPUZHA,1,300.0,1,
1586,20-11-2025,AM STORE,WALLTAX,KOTTAYAM,3,900.0,1,
1587,20-11-2025,KATTUNGAL METAL,WALLTAX,ALAPUZHA,3,2100.0,1,
1588,20-11-2025,MAHA LAKSHMI,WALLTAX,MANGALORE,5,1700.0,1,
1589,20-11-2025,SINGAPORE,WALLTAX,COIMBATORE,7,2100.0,1,
1590,20-11-2025,DESIRE KOCHI,WALLTAX,COCHIN,10,2500.0,1,
1591,20-11-2025,AK BEARING,WALLTAX,PATHANAMTHITTA,3,660.0,1,
1592,20-11-2025,SG MERLION,WALLTAX,TRIVANDRUM,1,400.0,1,
1593,20-11-2025,JERKAN TRADERS,WALLTAX,THAMARASERY,2,700.0,1,
1594,20-11-2025,TRADE HOUSE,WALLTAX,PAYYANUR,5,1800.0,1,
1595,20-11-2025,CIG & COMPANY,WALLTAX,KUNNAMKULAM,15,2000.0,1,
1596,20-11-2025,RAMDEV TRADERS,WALLTAX,KAYAMKULAM,2,800.0,1,
1597,20-11-2025,EAGLE BROOM,WALLTAX,KANNUR,2,1100.0,1,
1598,20-11-2025,INFO SEWRITY,WALLTAX,PANDIKKAD,5,1500.0,1,
1599,20-11-2025,KARUNYAM,WALLTAX,ALAPUZHA,2,900.0,1,
1600,20-11-2025,FASHION CURRAINS,WALLTAX,PATTAMBI,1,220.0,1,
1601,20-11-2025,CITY LIGHTS,WALLTAX,ETTUMANOOR,5,1400.0,1,
1602,20-11-2025,SATHYA SAI,WALLTAX,KANNUR,1,300.0,1,
1603,20-11-2025,JEEVAN TRADERS,WALLTAX,ANGAMALY,4,1400.0,1,
1604,20-11-2025,BADA BAZAR,WALLTAX,KARUNAGAPALLY,4,1400.0,1,
1605,20-11-2025,THEJAS METAL,WALLTAX,CALICUT,11,2800.0,1,
1246,06-11-2025,LIJO,WALLTAX,THRISSUR,1,250.0,1,
1247,06-11-2025,AVTEC,WALLTAX,ALUVA,1,300.0,1,
1248,06-11-2025,MINA AGENCIES,WALLTAX,KONDOTI,68,12240.0,1,
1249,06-11-2025,SRUTHI LIGHTS,WALLTAX,PERUMBAVOOR,1,250.0,1,
1250,06-11-2025,KATTUNGAL METAL,WALLTAX,ALEPPY,1,600.0,1,
1251,06-11-2025,ARBUDA CYCLES,WALLTAX,MUVATTUPUZHA,18,5400.0,2,
1252,06-11-2025,HI FASHION,WALLTAX,EDAPPAL,1,250.0,1,
1253,06-11-2025,UNIQUE SALES,WALLTAX,KANHANGAD,1,250.0,1,
1254,06-11-2025,MKR ASSOCIATES,WALLTAX,KOTTARAKARA,2,500.0,1,
1255,06-11-2025,BRIGHT POINT,WALLTAX,CALICUT,2,550.0,1,
1256,06-11-2025,SHREE RAJESWAR,WALLTAX,CALICUT,3,900.0,1,
1257,06-11-2025,BRYTCYTE,WALLTAX,THAMARASERY,2,500.0,1,
1258,06-11-2025,CITY LIGHTS,WALLTAX,ETTUMANOOR,3,750.0,1,
1259,06-11-2025,DELIVERY AT,WALLTAX,THATHAKARA,11,4400.0,1,
1260,06-11-2025,SIVA ELECTRICALS,WALLTAX,TIRUPUR,1,120.0,1,
1261,06-11-2025,GANI TRADING,WALLTAX,KOLLAM,2,540.0,1,
1262,06-11-2025,CITY LIGHTS,WALLTAX,ETTUMANOOR,6,1500.0,1,
1263,06-11-2025,VARIETY THREAD,WALLTAX,TRIVANDRUM,1,400.0,1,
1264,06-11-2025,RAINBOW INTRADAY,WALLTAX,TIRUR,1,300.0,1,
1265,06-11-2025,T.J DISTRIBUTORS,WALLTAX,VARAPUZHA,4,1120.0,1,
1266,06-11-2025,UNIQUE SALES,WALLTAX,KANHANGAD,6,2100.0,1,
1267,06-11-2025,SIVA GURU PAPER,WALLTAX,TIRUPUR,2,300.0,1,
1268,07-11-2025,SIJO,WALLTAX,VADAKANSERY,3,450.0,2,
1269,07-11-2025,LIGHTING STUDIO,WALLTAX,RAMANATUKARA,2,800.0,1,
1270,07-11-2025,SAGAR REXINE,WALLTAX,VADAKARA,1,600.0,1,
1271,07-11-2025,ROYAL STEEL,WALLTAX,TRIVANDRUM,1,600.0,1,
1272,07-11-2025,SHINY TERESA,WALLTAX,THODUPUZHA,1,450.0,1,
1273,07-11-2025,ABDUL NASAR,WALLTAX,KOTTAKAL,1,250.0,1,
1274,07-11-2025,HARIS KP,WALLTAX,THAMARASERY,1,200.0,1,
1275,07-11-2025,SUSI GARMENTS,WALLTAX,COIMBATORE,2,300.0,1,
1276,07-11-2025,BRIGHT POINT,WALLTAX,CALICUT,3,900.0,1,
1277,07-11-2025,DENWUD EXIM,WALLTAX,PERUMBAVOOR,1,250.0,1,
1278,07-11-2025,BHAVANI SPICES,WALLTAX,MYSORE,4,1200.0,1,
1279,07-11-2025,RAJDEEP SPICES,WALLTAX,MYSORE,3,900.0,1,
1280,07-11-2025,UNIQUE SALES,WALLTAX,KANHANGAD,2,500.0,1,
1281,07-11-2025,SREE POLY,WALLTAX,TIRUPUR,3,360.0,1,
1282,07-11-2025,GLAZA CARE,WALLTAX,PERINTHALMANNA,3,750.0,1,
1283,07-11-2025,PKA TUBES,WALLTAX,PALAKAD,3,1550.0,1,
1284,07-11-2025,SHENOX,WALLTAX,KOCHIN,1,250.0,1,
1285,07-11-2025,DRILL AND DRIVE,WALLTAX,EDAPPAL,22,5500.0,1,
1286,07-11-2025,XAS TRADERS,WALLTAX,TRIVANDRUM,2,600.0,1,
1287,07-11-2025,CITY LIGHTS,WALLTAX,ETTUMANOOR,3,900.0,1,
1288,08-11-2025,P.S DISTRIBUTORS,WALLTAX,TALIPARAMBA,3,1800.0,1,
1289,08-11-2025,T.S DISTRIBUTORS,WALLTAX,VARAPUZHA,2,760.0,2,
1290,08-11-2025,SHANTI MARKETING,WALLTAX,KANNUR,2,560.0,1,
1291,08-11-2025,PS TOYS,WALLTAX,TALIPARAMBA,1,500.0,1,
1292,08-11-2025,NEW INDIA TOYS,WALLTAX,MADURAI,16,5300.0,1,
1293,08-11-2025,BALAJI EXPORTS,WALLTAX,MADURAI,4,1500.0,1,
1294,08-11-2025,BABA,WALLTAX,MADURAI,1,350.0,1,
1295,08-11-2025,MAHAVEER SWEETS,WALLTAX,TIRUPUR,1,120.0,1,
1296,08-11-2025,BK TRADERS,WALLTAX,COIMBATORE,8,1600.0,1,
1297,08-11-2025,GLMT,WALLTAX,TIRUR,4,1200.0,1,
1298,08-11-2025,BRIDGE L ROPE,WALLTAX,MANGALORE,3,840.0,1,
1299,08-11-2025,ASIAN TRADERS,WALLTAX,ERNAKULAM,4,1200.0,1,
1300,08-11-2025,CKS REXINE,WALLTAX,RAMANATUKARA,2,500.0,1,
1301,08-11-2025,QUILL FORM,WALLTAX,TIRUPUR,1,150.0,1,
1302,08-11-2025,MAHALAXMI BOTTON,WALLTAX,COIMBATORE,4,600.0,1,
1303,08-11-2025,CASH BLOOMI,WALLTAX,VENGARA,1,400.0,1,
1304,08-11-2025,TAIYAB KHAN,WALLTAX,PATTAMBI,1,250.0,1,
1305,08-11-2025,KABIL BHAI,WALLTAX,KUNNAMKULAM,1,250.0,1,
1306,08-11-2025,BRIGHT POINT,WALLTAX,CALICUT,2,450.0,1,
1307,08-11-2025,BRASS SELECTION,WALLTAX,MANGALORE,8,2000.0,1,
1308,08-11-2025,NEW SR MARKETING,WALLTAX,CALICUT,1,300.0,1,
1309,08-11-2025,AI HIBA,WALLTAX,TRIVANDRUM,1,250.0,1,
1310,08-11-2025,FITNESS WORLD,WALLTAX,KOTTARAKARA,3,1200.0,1,
1311,08-11-2025,SHEENA FANCY,WALLTAX,CHERTHALA,1,500.0,1,
1312,08-11-2025,ABRAS NATURAL,WALLTAX,EDAPPAL,1,250.0,1,
1313,08-11-2025,NAAS COSMETICS,WALLTAX,CALICUT,6,1500.0,1,
1314,08-11-2025,THREAD CRAFT,WALLTAX,TALIPARAMBA,2,600.0,1,
1315,08-11-2025,AZZ ART WORLD,WALLTAX,ATTINGAL,1,300.0,1,
1316,08-11-2025,SHAFEEQ,WALLTAX,MANANTHAVADY,1,350.0,1,
1317,08-11-2025,KLOTH SURPLUS,WALLTAX,KANJIRAPALLY,2,800.0,1,
1318,08-11-2025,GANI TRADING,WALLTAX,KOLLAM,5,1350.0,1,
1319,08-11-2025,SHEENA FANCY,WALLTAX,CHERTHALA,4,2800.0,1,
1320,08-11-2025,SMYKKER,WALLTAX,KONDOTI,1,250.0,1,
1321,08-11-2025,RAFEEK,WALLTAX,ALAPUZHA,1,400.0,1,
1322,08-11-2025,P.S TOYS,WALLTAX,TALIPARAMBA,4,2800.0,1,
10306,21-11-2025,ASWATH INDUSTRIAL,COIMBATORE,CHENNAI,8,1440.0,1,
8273,21-11-2025,INDUS MOTOR,COIMBATORE,CHENNAI,1,400.0,1,
271441,21-11-2025,TRAQ TRADERS,COIMBATORE,CHENNAI,9,2250.0,2,
268760,21-11-2025,PAND C PROJECTS,COIMBATORE,CHENNAI,2,260.0,1,
270797,21-11-2025,UNIQUE GARMENTS,COIMBATORE,CHENNAI,1,200.0,1,
271821,21-11-2025,ROYAL MARKETING,COIMBATORE,CHENNAI,8,2000.0,1,
0464,21-11-2025,VEW EPS,COIMBATORE,CHENNAI,1,150.0,1,
10790,21-11-2025,UMB SERVICE,COIMBATORE,CHENNAI,1,130.0,2,
10354,21-11-2025,UNVIEW TECHNOLOGY,COIMBATORE,CHENNAI,1,270.0,1,
10352,21-11-2025,MANJITON SPORTS,COIMBATORE,CHENNAI,2,800.0,1,
272185,21-11-2025,POWER POSITIVE,COIMBATORE,CHENNAI,5,850.0,1,
272194,21-11-2025,BATNA DISTRIBUTORS,COIMBATORE,CHENNAI,4,800.0,1,
271213,21-11-2025,PATEL SANITARY,COIMBATORE,CHENNAI,7,1400.0,1,
271192,21-11-2025,DIVA AND CO,COIMBATORE,CHENNAI,2,200.0,1,
271435,21-11-2025,GLOBAL INDUSTRIAL,COIMBATORE,CHENNAI,6,1200.0,1,
272336,21-11-2025,BIGFI PRINT,TIRUPUR,CHENNAI,1,110.0,1,
272363,21-11-2025,EMCO CLOTHE,TIRUPUR,CHENNAI,11,2750.0,1,
272461,21-11-2025,EMCO CLOTHE,TIRUPUR,CHENNAI,3,750.0,1,
9599,21-11-2025,LOYAL CROWN APPARELS,TIRUPUR,CHENNAI,3,750.0,1,
9608,21-11-2025,MAHAVEER POLY,TIRUPUR,CHENNAI,1,150.0,1,
9610,21-11-2025,DHASARATHAN,TIRUPUR,CHENNAI,1,120.0,1,
9611,21-11-2025,YAMINI SCREEN,TIRUPUR,CHENNAI,1,120.0,1,
272349,21-11-2025,SRI STI GARMENTS,TIRUPUR,CHENNAI,62,4700.0,3,
272435,21-11-2025,RATHI AND RATHI,TIRUPUR,CHENNAI,1,140.0,3,
272438,21-11-2025,RATHI AND RATHI,TIRUPUR,CHENNAI,7,980.0,3,
272441,21-11-2025,RATHI AND RATHI,TIRUPUR,CHENNAI,2,320.0,3,
272445,21-11-2025,RATHI AND RATHI,TIRUPUR,CHENNAI,3,480.0,3,
1606,21-11-2025,K OZONE,WALLTAX,KANNUR,10,3000.0,1,
1607,21-11-2025,CRUST N CRUM,WALLTAX,MUVATUPUZHA,1,550.0,1,
1608,21-11-2025,GBROS BADA,WALLTAX,CHENGANUR,1,450.0,1,
1609,21-11-2025,JEEVAN,WALLTAX,CHERTHALA,3,1100.0,1,
1610,21-11-2025,RAJEED,WALLTAX,KALPATTA,4,1000.0,1,
1611,21-11-2025,FRIENDS,WALLTAX,ERNAKULAM,1,200.0,1,
1612,21-11-2025,SPECTRA POINT,WALLTAX,TIRUPUR,5,1000.0,1,
1613,21-11-2025,AM STORE,WALLTAX,KOTTAYAM,2,800.0,1,
1614,21-11-2025,CHITAYIL,WALLTAX,MUVATUPUZHA,24,3700.0,1,
1615,21-11-2025,A1 HIBA,WALLTAX,TRIVANDRUM,2,1600.0,1,
1616,21-11-2025,CITY LIGHT,WALLTAX,ETTUMANOOR,2,500.0,1,
1617,21-11-2025,JEEVAN,WALLTAX,TALIPARAMBA,2,550.0,1,
1618,21-11-2025,BHAVANI SPICES,WALLTAX,MYSORE,3,900.0,1,
1619,21-11-2025,HI FASHION,WALLTAX,EDAPPAL,2,700.0,1,
1620,21-11-2025,KLOTH SURPLUS,WALLTAX,KANJIRAPALLY,4,1600.0,1,
1621,21-11-2025,SAFE FIRE,WALLTAX,TRIVANDRUM,1,250.0,1,
1622,21-11-2025,PRIME STEEL,WALLTAX,ALAPUZHA,8,4000.0,1,
1623,21-11-2025,NILAM,WALLTAX,TRIVANDRUM,4,1400.0,1,
1624,21-11-2025,KM ENTERPRISES,WALLTAX,KANNUR,2,600.0,1,
1625,21-11-2025,EAGLE BROOMS,WALLTAX,KANNUR,1,400.0,1,
1626,21-11-2025,GULF,WALLTAX,TIRUR,2,800.0,1,
1627,21-11-2025,PRIME,WALLTAX,ALAPUZHA,1,700.0,1,
1628,21-11-2025,RM SPICES,WALLTAX,THURUTHY,5,1500.0,1,
1629,21-11-2025,EAGLE BROOMS,WALLTAX,KANNUR,2,1100.0,1,
1630,21-11-2025,ANISH,WALLTAX,ERNAKULAM,3,900.0,1,
1631,21-11-2025,VARSHU IMPEX,WALLTAX,TIRUPUR,1,100.0,1,
1632,21-11-2025,BLUE LIGHTS,WALLTAX,EDAPPAL,2,700.0,1,
1633,21-11-2025,SS BEARING,WALLTAX,KANNUR,7,1400.0,1,
1634,21-11-2025,AKRUTHI INTER,WALLTAX,ANGAMALY,2,550.0,1,
1635,21-11-2025,BAKERS,WALLTAX,ERNAKULAM,7,1890.0,1,
1636,21-11-2025,FOOD SKY,WALLTAX,PALARIVATOM,1,270.0,1,
1637,21-11-2025,ADIL,WALLTAX,KAYAMKULAM,2,600.0,1,
1638,21-11-2025,DESIRE,WALLTAX,KOCHIN,6,1700.0,1,
1639,21-11-2025,BRIGHT POINT,WALLTAX,CALICUT,1,300.0,1,
1640,21-11-2025,BLUE BELL,WALLTAX,EDAPPAL,1,300.0,1,
1641,21-11-2025,TEDESCO THREAD,WALLTAX,NILAMBOOR,2,500.0,1,
1642,21-11-2025,GOLDEN THREAD,WALLTAX,TRIVANDRUM,1,400.0,1,
1643,21-11-2025,LUMERS,WALLTAX,PALAKAD,2,500.0,1,
272950,22-11-2025,BLACK KING AGENCY,COIMBATORE,CHENNAI,11,990.0,1,
272583,22-11-2025,TARQ TRADERS,COIMBATORE,CHENNAI,3,750.0,2,
272509,22-11-2025,SRI VINAYAKA MARKETING,COIMBATORE,CHENNAI,5,500.0,1,
272505,22-11-2025,IYAPPA STORES,COIMBATORE,CHENNAI,10,1000.0,1,
272510,22-11-2025,HEMA MALINI,COIMBATORE,CHENNAI,1,100.0,1,
272946,22-11-2025,BLACK KING AGENCY,COIMBATORE,CHENNAI,12,1080.0,1,
271557,22-11-2025,GUKAN INFRASTRUCTURE,COIMBATORE,CHENNAI,1,180.0,1,
271945,22-11-2025,UNIQUE GARMENTS,COIMBATORE,CHENNAI,4,740.0,1,
1506,22-11-2025,JOHN RAJ,COIMBATORE,CHENNAI,50,5800.0,1,
273484,22-11-2025,SHRI RATHNA AKSHAYA,COIMBATORE,CHENNAI,8,2400.0,2,
273451,22-11-2025,SARAVANA SELVARATHNAM,COIMBATORE,CHENNAI,4,880.0,2,
10359,22-11-2025,FASHION,COIMBATORE,CHENNAI,1,400.0,1,
10358,22-11-2025,MANGALON SPORTS,COIMBATORE,CHENNAI,2,800.0,1,
738,22-11-2025,JULLUNDUR MORTARS,COIMBATORE,CHENNAI,3,600.0,2,
269,22-11-2025,UKR,COIMBATORE,CHENNAI,1,380.0,1,
12202,22-11-2025,PANDA,COIMBATORE,CHENNAI,1,370.0,2,
235,22-11-2025,DR ROOPA,COIMBATORE,CHENNAI,1,400.0,2,
1706,22-11-2025,KS MOHAMMED,COIMBATORE,CHENNAI,31,8215.0,1,
236,22-11-2025,UNAS,COIMBATORE,CHENNAI,1,150.0,1,
270,22-11-2025,M DHAYA,COIMBATORE,CHENNAI,1,230.0,1,
272761,22-11-2025,NAGARAJ,TIRUPUR,CHENNAI,1,200.0,1,
273475,22-11-2025,EMCO CLOTHE,TIRUPUR,CHENNAI,13,3250.0,1,
9643,22-11-2025,MAHAVIR POLY,TIRUPUR,CHENNAI,1,150.0,1,
273588,22-11-2025,TRUE LEGEND,TIRUPUR,CHENNAI,1,250.0,1,
9644,22-11-2025,SRI STI GARMENTS,TIRUPUR,CHENNAI,1,120.0,3,
273482,22-11-2025,RATHI AND RATHI,TIRUPUR,CHENNAI,1,100.0,3,
273488,22-11-2025,RATHI AND RATHI,TIRUPUR,CHENNAI,4,400.0,3,
273495,22-11-2025,RATHI AND RATHI,TIRUPUR,CHENNAI,1,100.0,3,
273514,22-11-2025,RATHI AND RATHI,TIRUPUR,CHENNAI,2,200.0,3,
250581,03-11-2025,NAWAS LINING,TIRUPUR,CHENNAI,2,260.0,1,
250939,03-11-2025,EMCO CLOTHE,TIRUPUR,CHENNAI,4,1000.0,1,
251124,03-11-2025,EMCO CLOTHE,TIRUPUR,CHENNAI,9,2250.0,1,
9216,03-11-2025,MAHAVIR POLY,TIRUPUR,CHENNAI,1,150.0,1,
250964,03-11-2025,S.K INDUSTRIAL,TIRUPUR,CHENNAI,1,120.0,2,
9215,03-11-2025,SRI STI GARMENTS,TIRUPUR,CHENNAI,1,100.0,2,
9217,03-11-2025,SRI STI GARMENTS,TIRUPUR,CHENNAI,1,120.0,3,
250590,03-11-2025,RATHI AND RATHI,TIRUPUR,CHENNAI,1,150.0,3,
250977,03-11-2025,RATHI AND RATHI,TIRUPUR,CHENNAI,23,3220.0,3,
251186,03-11-2025,SARAVANA STORES,TIRUPUR,CHENNAI,1,140.0,3,
251424,04-11-2025,BAID THREAD,TIRUPUR,CHENNAI,2,400.0,1,
251988,04-11-2025,PEMI EXPORT,TIRUPUR,CHENNAI,1,110.0,1,
252187,04-11-2025,MAHAVEERA TRADING,TIRUPUR,CHENNAI,1,200.0,1,
252210,04-11-2025,CREATIVE ENTERPRISES,TIRUPUR,CHENNAI,1,110.0,1,
252310,04-11-2025,EMCO CLOTHE,TIRUPUR,CHENNAI,2,500.0,1,
252440,04-11-2025,EMCO CLOTHE,TIRUPUR,CHENNAI,8,2000.0,1,
9245,04-11-2025,MAHAVIR POLY,TIRUPUR,CHENNAI,5,750.0,1,
252250,04-11-2025,SRI STI GARMENTS,TIRUPUR,CHENNAI,1,300.0,1,
252271,04-11-2025,SRI STI GARMENTS,TIRUPUR,CHENNAI,31,2240.0,3,
251477,04-11-2025,RATHI AND RATHI,TIRUPUR,CHENNAI,2,200.0,3,
252195,04-11-2025,RATHI AND RATHI,TIRUPUR,CHENNAI,4,560.0,3,
252579,05-11-2025,BAID THREAD,TIRUPUR,CHENNAI,1,200.0,1,
252681,05-11-2025,BALAMURUGAN,TIRUPUR,CHENNAI,7,2240.0,1,
252682,05-11-2025,V K M,TIRUPUR,CHENNAI,3,960.0,1,
252728,05-11-2025,DEVSHREE INTERNATIONAL,TIRUPUR,CHENNAI,2,160.0,1,
252732,05-11-2025,SUBH SRI AGENCIES,TIRUPUR,CHENNAI,3,240.0,1,
253462,05-11-2025,EMCO CLOTHE,TIRUPUR,CHENNAI,6,1500.0,1,
253725,05-11-2025,PREFERRED TRADE,TIRUPUR,CHENNAI,3,660.0,1,
9264,05-11-2025,BALAMURUGAN,TIRUPUR,CHENNAI,8,2560.0,1,
9267,05-11-2025,MAHAVIR POLY,TIRUPUR,CHENNAI,1,150.0,1,
9268,05-11-2025,YAMINI SCREEN,TIRUPUR,CHENNAI,1,110.0,1,
253125,05-11-2025,ASPIRE WINDOWS,TIRUPUR,CHENNAI,20,7000.0,1,
9266,05-11-2025,SRI STI GARMENTS,TIRUPUR,CHENNAI,1,150.0,2,
253151,05-11-2025,RATHI AND RATHI,TIRUPUR,CHENNAI,1,100.0,3,
253161,05-11-2025,RATHI AND RATHI,TIRUPUR,CHENNAI,3,300.0,3,
253757,05-11-2025,RATHI AND RATHI,TIRUPUR,CHENNAI,5,800.0,3,
253772,05-11-2025,RATHI AND RATHI,TIRUPUR,CHENNAI,3,480.0,3,
253778,05-11-2025,RATHI AND RATHI,TIRUPUR,CHENNAI,3,480.0,3,
253782,05-11-2025,RATHI AND RATHI,TIRUPUR,CHENNAI,5,500.0,3,
253786,05-11-2025,RATHI AND RATHI,TIRUPUR,CHENNAI,2,200.0,3,
254112,06-11-2025,MAHAVEERA TRADING,TIRUPUR,CHENNAI,1,200.0,1,
254926,06-11-2025,MAHAVIR POLY,TIRUPUR,CHENNAI,1,150.0,1,
255076,06-11-2025,CREATIVE ENTERPRISES,TIRUPUR,CHENNAI,1,120.0,1,
9288,06-11-2025,NAGARAJ,TIRUPUR,CHENNAI,1,150.0,1,
9292,06-11-2025,EMCO CLOTHE,TIRUPUR,CHENNAI,3,750.0,1,
254027,06-11-2025,SUN INDUSTRIAL,TIRUPUR,CHENNAI,1,120.0,2,
254133,06-11-2025,RATHI AND RATHI,TIRUPUR,CHENNAI,3,480.0,3,
254812,06-11-2025,RATHI AND RATHI,TIRUPUR,CHENNAI,16,2240.0,3,
255969,07-11-2025,AMS THREADS,TIRUPUR,CHENNAI,1,200.0,1,
256188,07-11-2025,PREFERRED TRADE,TIRUPUR,CHENNAI,3,660.0,1,
256203,07-11-2025,EMCO CLOTHE,TIRUPUR,CHENNAI,2,500.0,1,
256413,07-11-2025,MAHAVIR POLY,TIRUPUR,CHENNAI,5,750.0,1,
256423,07-11-2025,FYR MOHINI PRINTS,TIRUPUR,CHENNAI,1,110.0,1,
255795,07-11-2025,SRI STI GARMENTS,TIRUPUR,CHENNAI,2,350.0,2,
256233,07-11-2025,NATIONAL TEXTILES,TIRUPUR,CHENNAI,15,2100.0,1,
256447,07-11-2025,NATIONAL TEXTILES,TIRUPUR,CHENNAI,25,3500.0,1,
255547,07-11-2025,RATHI AND RATHI,TIRUPUR,CHENNAI,1,100.0,3,
255571,07-11-2025,RATHI AND RATHI,TIRUPUR,CHENNAI,2,300.0,3,
257493,08-11-2025,EMCO CLOTHE,TIRUPUR,CHENNAI,3,750.0,1,
257519,08-11-2025,JAGADESH,TIRUPUR,CHENNAI,1,100.0,1,
257640,08-11-2025,MAHAVIR POLY,TIRUPUR,CHENNAI,2,300.0,1,
257776,08-11-2025,EMCO CLOTHE,TIRUPUR,CHENNAI,7,1750.0,1,
9350,08-11-2025,BAID THREAD,TIRUPUR,CHENNAI,1,200.0,1,
257211,08-11-2025,SUDI STORE,TIRUPUR,CHENNAI,1,100.0,1,
257486,08-11-2025,SRI STI GARMENTS,TIRUPUR,CHENNAI,16,1300.0,3,
257539,08-11-2025,MSN TRADERS,TIRUPUR,CHENNAI,10,1500.0,1,
257588,08-11-2025,STANFAB MUGAPPAIR,TIRUPUR,CHENNAI,57,7670.0,1,
9344,08-11-2025,SRI STI GARMENTS,TIRUPUR,CHENNAI,1,100.0,2,
257077,08-11-2025,RATHI AND RATHI,TIRUPUR,CHENNAI,1,150.0,3,
257084,08-11-2025,RATHI AND RATHI,TIRUPUR,CHENNAI,1,150.0,3,
257093,08-11-2025,RATHI AND RATHI,TIRUPUR,CHENNAI,3,480.0,3,
257102,08-11-2025,RATHI AND RATHI,TIRUPUR,CHENNAI,1,100.0,3,
258847,10-11-2025,PREFERRED TRADE,TIRUPUR,CHENNAI,2,440.0,1,
9366,10-11-2025,BALAMURUGAN,TIRUPUR,CHENNAI,8,2560.0,1,
9370,10-11-2025,BOB FASHION,TIRUPUR,CHENNAI,1,150.0,1,
9371,10-11-2025,KASI,TIRUPUR,CHENNAI,1,100.0,2,
9372,10-11-2025,MAHAVIR POLY,TIRUPUR,CHENNAI,1,150.0,1,
9374,10-11-2025,YAMINI SCREEN,TIRUPUR,CHENNAI,1,110.0,1,
257982,10-11-2025,BHARAT SEVAK,TIRUPUR,CHENNAI,20,7400.0,2,
258105,10-11-2025,NATIONAL TEXTILES,TIRUPUR,CHENNAI,19,2660.0,1,
258325,10-11-2025,SRI STI GARMENTS,TIRUPUR,CHENNAI,1,120.0,2,
259067,10-11-2025,SRI STI GARMENTS,TIRUPUR,CHENNAI,18,3600.0,1,
9368,10-11-2025,SRI STI GARMENTS,TIRUPUR,CHENNAI,3,300.0,3,
9373,10-11-2025,SRI STI GARMENTS,TIRUPUR,CHENNAI,1,100.0,2,
258120,10-11-2025,RATHI AND RATHI,TIRUPUR,CHENNAI,1,100.0,3,
258462,10-11-2025,RATHI AND RATHI,TIRUPUR,CHENNAI,4,400.0,3,
258568,10-11-2025,RATHI AND RATHI,TIRUPUR,CHENNAI,3,450.0,3,
258868,10-11-2025,RATHI AND RATHI,TIRUPUR,CHENNAI,6,840.0,3,
260159,11-11-2025,EMCO CLOTHE,TIRUPUR,CHENNAI,9,2250.0,1,
9385,11-11-2025,JB FASHION,TIRUPUR,CHENNAI,1,250.0,1,
9392,11-11-2025,MAHAVIR POLY,TIRUPUR,CHENNAI,1,150.0,1,
9394,11-11-2025,YAMINI SCREEN,TIRUPUR,CHENNAI,1,110.0,1,
259653,11-11-2025,SRI STI GARMENTS,TIRUPUR,CHENNAI,1,120.0,2,
260291,11-11-2025,AALAYAMS AUTOTECH,TIRUPUR,CHENNAI,45,5720.0,1,
9390,11-11-2025,SRI STI GARMENTS,TIRUPUR,CHENNAI,1,250.0,1,
9391,11-11-2025,SRI STI GARMENTS,TIRUPUR,CHENNAI,1,100.0,2,
259380,11-11-2025,RATHI AND RATHI,TIRUPUR,CHENNAI,2,200.0,3,
259682,11-11-2025,RATHI AND RATHI,TIRUPUR,CHENNAI,4,400.0,3,
260373,11-11-2025,RATHI AND RATHI,TIRUPUR,CHENNAI,3,420.0,3,
261542,12-11-2025,EMCO CLOTHE,TIRUPUR,CHENNAI,2,500.0,1,
261742,12-11-2025,MAHAVIR POLY,TIRUPUR,CHENNAI,4,600.0,1,
9415,12-11-2025,LOYAL CROWN,TIRUPUR,CHENNAI,5,1250.0,1,
261233,12-11-2025,SRI STI GARMENTS,TIRUPUR,CHENNAI,1,150.0,2,
261734,12-11-2025,NATIONAL TEXTILES,TIRUPUR,CHENNAI,8,1120.0,1,
261935,12-11-2025,NATIONAL TEXTILES,TIRUPUR,CHENNAI,55,7700.0,1,
262212,13-11-2025,SUBH SRI AGENCIES,TIRUPUR,CHENNAI,1,80.0,1,
263190,13-11-2025,BIGFI PRINT,TIRUPUR,CHENNAI,1,110.0,1,
263276,13-11-2025,EMCO CLOTHE,TIRUPUR,CHENNAI,5,1250.0,1,
263284,13-11-2025,EMCO CLOTHE,TIRUPUR,CHENNAI,1,250.0,1,
9449,13-11-2025,DHASARATHAN,TIRUPUR,CHENNAI,1,150.0,1,
263295,13-11-2025,COTTON WORLD,TIRUPUR,CHENNAI,3,960.0,1,
263308,13-11-2025,COTTON WORLD,TIRUPUR,CHENNAI,3,1460.0,1,
263325,13-11-2025,COTTON WORLD,TIRUPUR,CHENNAI,4,1280.0,1,
9446,13-11-2025,SRI STI GARMENTS,TIRUPUR,CHENNAI,1,100.0,2,
263353,13-11-2025,RATHI AND RATHI,TIRUPUR,CHENNAI,5,500.0,3,
263354,13-11-2025,RATHI AND RATHI,TIRUPUR,CHENNAI,23,3220.0,3,
264872,15-11-2025,MSN TRADERS,TIRUPUR,CHENNAI,10,1500.0,1,
265198,15-11-2025,DAFFODIL GRAVURE,TIRUPUR,CHENNAI,2,300.0,1,
265438,15-11-2025,EMCO CLOTHE,TIRUPUR,CHENNAI,4,1000.0,1,
265778,15-11-2025,EMCO CLOTHE,TIRUPUR,CHENNAI,3,750.0,1,
9493,15-11-2025,MAHAVIR POLY,TIRUPUR,CHENNAI,3,450.0,1,
265709,15-11-2025,SRI STI GARMENTS,TIRUPUR,CHENNAI,52,3860.0,3,
264611,15-11-2025,RATHI AND RATHI,TIRUPUR,CHENNAI,1,100.0,3,
265905,17-11-2025,BOMBAY AGENCIES,TIRUPUR,CHENNAI,1,200.0,1,
266140,17-11-2025,SUBH SRI AGENCIES,TIRUPUR,CHENNAI,1,100.0,1,
266256,17-11-2025,AK ISMAIL,TIRUPUR,CHENNAI,1,350.0,1,
266302,17-11-2025,BABU AGENCIES,TIRUPUR,CHENNAI,2,400.0,1,
266960,17-11-2025,MAHAVIR POLY,TIRUPUR,CHENNAI,3,450.0,1,
267050,17-11-2025,EMCO CLOTHE,TIRUPUR,CHENNAI,4,1000.0,1,
9494,17-11-2025,BALAMURUGAN,TIRUPUR,CHENNAI,5,1600.0,1,
9495,17-11-2025,V K M,TIRUPUR,CHENNAI,4,1280.0,1,
9506,17-11-2025,BAID THREAD,TIRUPUR,CHENNAI,1,200.0,1,
265933,17-11-2025,VIMAL,TIRUPUR,CHENNAI,7,1400.0,1,
9513,17-11-2025,BILAL,TIRUPUR,CHENNAI,1,100.0,1,
9516,17-11-2025,SRI STI GARMENTS,TIRUPUR,CHENNAI,1,150.0,2,
267026,17-11-2025,RATHI AND RATHI,TIRUPUR,CHENNAI,5,500.0,3,
267041,17-11-2025,RATHI AND RATHI,TIRUPUR,CHENNAI,33,4620.0,3,
267052,17-11-2025,RATHI AND RATHI,TIRUPUR,CHENNAI,6,600.0,3,
267054,17-11-2025,RATHI AND RATHI,TIRUPUR,CHENNAI,2,200.0,3,
269412,19-11-2025,EMCO CLOTHE,TIRUPUR,CHENNAI,5,1250.0,1,
269780,19-11-2025,VANDANA TRADERS,TIRUPUR,CHENNAI,1,150.0,1,
269787,19-11-2025,EMCO CLOTHE,TIRUPUR,CHENNAI,3,600.0,1,
9560,19-11-2025,MANGAL AGENCIES,TIRUPUR,CHENNAI,1,150.0,1,
9561,19-11-2025,MAHAVIR POLY,TIRUPUR,CHENNAI,1,150.0,1,
9565,19-11-2025,YAMINI SCREEN,TIRUPUR,CHENNAI,1,120.0,1,
268935,19-11-2025,NATIONAL TEXTILES,TIRUPUR,CHENNAI,19,2660.0,1,
269783,19-11-2025,BHARAT SEVAK,TIRUPUR,CHENNAI,2,500.0,2,
268677,19-11-2025,RATHI AND RATHI,TIRUPUR,CHENNAI,2,200.0,3,
250042,01-11-2025,EMCO CLOTHE,TIRUPUR,CHENNAI,5,1250.0,1,
9198,01-11-2025,NAWAS LINING,TIRUPUR,CHENNAI,2,400.0,1,
9201,01-11-2025,V K M,TIRUPUR,CHENNAI,2,640.0,1,
9202,01-11-2025,BALAMURUGAN,TIRUPUR,CHENNAI,2,640.0,1,
9203,01-11-2025,FASHION BHIM,TIRUPUR,CHENNAI,1,220.0,1,
249954,01-11-2025,NATIONAL TEXTILES,TIRUPUR,CHENNAI,30,4200.0,1,
9200,01-11-2025,SRI STI GARMENTS,TIRUPUR,CHENNAI,1,100.0,2,
249108,01-11-2025,RATHI AND RATHI,TIRUPUR,CHENNAI,2,200.0,3,
375,17-11-2025,SHAFFI,COIMBATORE,CHENNAI,5,5800.0,2,
1644,22-11-2025,CHATTAYIL BAGS,WALLTAX,MUVATUPUZHA,7,1100.0,1,
1645,22-11-2025,JEEVAN TRADERS,WALLTAX,CHERTHALA,5,1750.0,1,
1646,22-11-2025,DRILL & DRIVE,WALLTAX,EDAPPAL,7,1100.0,1,
1647,22-11-2025,YANTHRIK,WALLTAX,MUKKAM,3,660.0,1,
1648,22-11-2025,BRIDGE & ROPE,WALLTAX,MANGALORE,3,750.0,1,
1649,22-11-2025,SUNERS AMBANI,WALLTAX,THRISSUR,2,400.0,1,
1650,22-11-2025,THIRUPUR COTTON,WALLTAX,OTTAPALAM,1,400.0,1,
1651,22-11-2025,ANALOG AUDIO,WALLTAX,ANGAMALY,1,260.0,1,
1652,22-11-2025,TAILORS MART,WALLTAX,ERNAKULAM,1,300.0,1,
1653,22-11-2025,AAYUSH FOOD,WALLTAX,COIMBATORE,26,5200.0,1,
1654,22-11-2025,SAGAR REXIN,WALLTAX,VADAGARA,1,200.0,1,
1655,22-11-2025,SHAH & CO,WALLTAX,KANNUR,1,200.0,1,
1656,22-11-2025,AL HIBA,WALLTAX,TRIVANDRUM,1,400.0,1,
1657,22-11-2025,KANJIRAPALLY,WALLTAX,PONKUNNAM,1,380.0,1,
1658,22-11-2025,JEEVAN TRADERS,WALLTAX,TALIPARAMBA,1,350.0,1,
1659,22-11-2025,KABIL BHAI,WALLTAX,THRISSUR,1,250.0,1,
1660,22-11-2025,DIE TECH,WALLTAX,KASARGOD,1,300.0,1,
1661,22-11-2025,SHEETAL FLOWER,WALLTAX,MANGALORE,1,400.0,1,
1662,22-11-2025,BRIGHT POINT,WALLTAX,CALICUT,1,280.0,1,
1663,22-11-2025,NEW SR,WALLTAX,CALICUT,2,800.0,1,
1664,22-11-2025,KAILASH,WALLTAX,TIRUPUR,5,1000.0,1,
1665,22-11-2025,BRIGHT POINT,WALLTAX,CALICUT,1,250.0,1,
1666,22-11-2025,BRIGHT POINT,WALLTAX,CALICUT,1,250.0,1,
1667,22-11-2025,V ONE AGENCIES,WALLTAX,KOTTAKAL,34,9180.0,1,
1668,22-11-2025,PKA TUBES,WALLTAX,PALAKAD,5,1750.0,1,
1669,22-11-2025,PRIME STEEL,WALLTAX,ALAPUZHA,1,450.0,1,
1670,22-11-2025,STANDARD,WALLTAX,THAMARASERY,4,1200.0,1,
1671,22-11-2025,T.J DISTRIBUTORS,WALLTAX,VARAPUZHA,6,2780.0,2,
1672,22-11-2025,CHANDU,WALLTAX,CHERPULASERY,2,500.0,1,
1673,22-11-2025,AVORIZ LIGHT,WALLTAX,KASARGOD,1,350.0,1,
1674,22-11-2025,PKA TUBES,WALLTAX,PALAKAD,6,2600.0,1,
1675,22-11-2025,HARIS KP,WALLTAX,THAMARASERY,1,450.0,1,
1676,22-11-2025,DELIGHT,WALLTAX,KOLLAM,3,750.0,1,
1677,24-11-2025,COTTON FABRIS,WALLTAX,TIRUR,1,300.0,1,
1678,24-11-2025,PRIME STEEL,WALLTAX,ALAPUZHA,2,1400.0,1,
1679,24-11-2025,PRIME STEEL,WALLTAX,ALAPUZHA,1,700.0,1,
1680,24-11-2025,JEEVAN TRADERS,WALLTAX,THAMARASERY,3,1050.0,1,
1681,24-11-2025,SINGAPORE PLAZA,WALLTAX,COIMBATORE,2,600.0,1,
1682,24-11-2025,THE EXECUTIVE,WALLTAX,THRISSUR,1,900.0,2,
1683,24-11-2025,EAGLE BROOM,WALLTAX,KANNUR,2,1100.0,1,
1684,24-11-2025,KERALA ELECTRICAL,WALLTAX,KASARGOD,1,250.0,1,
1685,24-11-2025,BITONE CHEM,WALLTAX,TIRUPUR,6,1500.0,1,
1686,24-11-2025,SINGAPORE PLAZA,WALLTAX,COIMBATORE,1,150.0,1,
1687,24-11-2025,RAJA ELECTRICAL,WALLTAX,TIRUPUR,1,120.0,1,
1688,24-11-2025,KAIMANNIL ENTERPRISES,WALLTAX,PATHANAMTHOTA,5,1250.0,1,
1690,24-11-2025,ARJIN,WALLTAX,ETTUMANOOR,1,300.0,2,
1691,24-11-2025,PAIRFIX LABELS,WALLTAX,TIRUPUR,1,150.0,1,
1692,24-11-2025,BROTHERS TRADERS,WALLTAX,KANNUR,3,1200.0,1,
1693,24-11-2025,SINGAPORE PLAZA,WALLTAX,COIMBATORE,3,600.0,1,
1694,24-11-2025,MIDAS DEALERS,WALLTAX,ALATHUR,1,250.0,2,
1695,24-11-2025,AQUA TERRA,WALLTAX,TIRUPUR,21,4200.0,1,
1696,24-11-2025,ANALOG AUDIO,WALLTAX,ANGAMALY,1,250.0,1,
1697,24-11-2025,STANDARD,WALLTAX,THAMARASERY,2,600.0,1,
1698,24-11-2025,PS TRADERS,WALLTAX,MANGALORE,3,900.0,1,
1699,24-11-2025,GANI TRADING,WALLTAX,KOLLAM,2,540.0,1,
1700,24-11-2025,MINA AGENCIES,WALLTAX,KONDOTI,27,6900.0,1,
1702,24-11-2025,ACB CHEMICALS,WALLTAX,THAMARASERY,9,1850.0,2,
1703,24-11-2025,HARIS KP,WALLTAX,KOZHIKODE,3,1000.0,1,
1704,24-11-2025,LOTUS ENTERPRISES,WALLTAX,PERUMBAVOOR,1,250.0,1,
1705,24-11-2025,BHAVANI SPICES,WALLTAX,MYSORE,3,900.0,1,
